activity_id,name,date,distance,moving_time,kudos_count,photo_count,has_photo
17596097751,Evening Run,2026-03-03,4.000024854909466,2340,2,0,0
17643443576,Evening Run,2026-02-28,4.090683137186673,2235,1,0,0
17643442278,Afternoon Run,2026-02-23,2.312997874905241,992,1,0,0
17500661577,Afternoon Run,2026-02-23,2.000012427454733,1035,1,0,0
17373859496,Evening Run,2026-02-11,2.999987572545267,1642,1,0,0
17332231097,With Maren Garrett and Scott,2026-02-06,4.0064871313706245,2071,2,0,0
17643442285,Night Run,2026-01-16,1.9529123740166778,1052,1,0,0
17643442276,Morning Run,2026-01-15,1.0023363614898033,543,0,0,0
17071807380,Intervals,2026-01-14,4.000024854909466,2106,4,0,0
17043138030,Night Stair-Stepper,2026-01-13,0.0,3000,3,0,0
16986477832,Getting back into it,2026-01-08,2.999987572545267,1535,7,0,0
16961527358,La Bufadora Kayaking,2026-01-06,2.087688120596021,4772,6,2,1
16949671538,Pre cruise beach,2026-01-05,5.254327861110766,6801,6,3,1
16897750317,Morning Rock Climb,2025-12-31,0.0,3419,5,1,1
16880325829,Night Run,2025-12-29,1.460039519306051,784,0,0,0
17643442295,Afternoon Run,2025-12-29,1.9931151900779203,1078,0,0,0
16857703570,4 strides,2025-12-27,0.2096511613456448,74,0,0,0
16857671157,New shoes,2025-12-27,4.000894776740776,2068,9,0,0
16815872379,Afternoon Run,2025-12-22,2.2092286278847233,1119,0,0,0
16787242725,Lunch Run,2025-12-19,5.598630494488424,3013,4,0,0
16750721681,Running is hard,2025-12-15,8.007133359016741,4020,10,0,0
16708816486,Study break,2025-12-10,1.0042626169734177,504,8,0,0
16649299260,Quick study break,2025-12-04,2.000012427454733,1168,3,0,0
16585054485,Turkey trot spectating,2025-11-27,2.015173922228988,1290,8,0,0
17643441048,Night Run,2025-11-18,0.9856835721475885,482,0,0,0
17643441078,Morning Ride,2025-11-15,26.942162625672637,9385,0,0,0
16471528860,Bday bagel den ride,2025-11-15,30.014912945679594,10367,8,2,1
16459894568,Afternoon Run,2025-11-14,1.0038897933314277,539,0,0,0
16395403677,Hot girl walk,2025-11-08,1.2065194427529298,1272,6,1,1
16324280163,Treadmill with Scott,2025-11-01,4.000024854909466,2370,9,0,0
16281847543,Morning Run,2025-10-28,2.1307492512458523,1187,7,0,0
17643438563,Morning Run,2025-10-25,1.949059863049449,1153,0,0,0
16254219351,Run club,2025-10-25,3.0032808480495112,1688,7,1,1
16206010090,Afternoon Run,2025-10-20,2.003740663874632,1082,4,0,0
16174742668,Afternoon Run,2025-10-17,1.0027713224054582,559,0,0,0
17643437422,Morning Run,2025-10-11,1.9530366485640076,1205,0,0,0
16033843143,St. George Marathon!!,2025-10-04,26.489119763381265,12867,14,5,1
16010380005,Morning Run,2025-10-02,5.500018641182099,3240,5,0,0
15987207603,Morning Run,2025-09-30,5.0,2595,2,0,0
15981468013,Afternoon Run,2025-09-29,4.6628431530938155,2570,4,0,0
15954394068,Run club,2025-09-27,2.308834677569687,1544,9,1,1
15942810180,Morning Run,2025-09-26,9.002696757677061,5226,4,0,0
15933047676,2 mile tempo,2025-09-25,5.0,2600,2,0,0
15910291378,Morning Run,2025-09-23,6.000037282364199,3463,3,0,0
15922211356,Morning Run,2025-09-22,5.0,2460,4,0,0
15877056461,Morning Run,2025-09-20,13.0061391626381,6981,10,0,0
15858933150,Over and under k’s,2025-09-18,5.500018641182099,2547,4,0,0
15831975230,I am not okay,2025-09-16,8.000049709818931,4682,8,0,0
15825401918,Broken 600s,2025-09-15,6.006499558825357,2793,8,0,0
15800345920,Morning Run,2025-09-13,20.04753501435371,11269,13,1,1
15786369728,Morning Run,2025-09-12,6.000037282364199,3445,7,0,0
15764449575,Tempo 2-1,2025-09-10,3.8922166851007245,1828,8,1,1
15786405024,Drop set,2025-09-08,3.7000260976549395,1800,0,0,0
15720463996,Death,2025-09-06,23.00284588713386,12526,13,1,1
15711147310,Afternoon Run,2025-09-05,5.002547628220265,3133,10,1,1
15677600543,Evening Run,2025-09-02,1.8459119887655808,1140,1,0,0
15660350192,8s and 4s,2025-09-01,4.500043496091566,1900,8,0,0
15639377476,Morning Run,2025-08-30,12.00759317484186,6292,11,1,1
15610955389,Intervals,2025-08-27,4.900021126673046,2460,11,0,0
15598769553,Afternoon Run,2025-08-26,3.2525134527197483,1765,7,1,1
15587692809,1k repeats,2025-08-25,5.500018641182099,2510,5,0,0
15551876091,Part 2,2025-08-22,2.999987572545267,1840,3,0,0
15547339294,Long run pt 1,2025-08-22,16.018119229000707,9074,8,0,0
15536568847,Tempo,2025-08-21,5.0,2307,6,0,0
15524474798,Morning Run,2025-08-20,2.521779114419576,1525,4,0,0
15524189527,✨character building✨,2025-08-19,3.7380541091379076,1594,6,0,0
15481961143,Morning Run,2025-08-16,19.004312326792352,10631,10,1,1
15439333119,Evening Run,2025-08-12,7.09004933699529,3786,8,0,0
15422594329,Rolling 400s,2025-08-11,3.5000062137273664,1615,5,0,0
15389815426,Pt 2,2025-08-08,8.096673170367977,4360,7,0,0
15389792797,Pt 1,2025-08-08,8.90737817987498,5127,7,0,0
15346920987,5 x km,2025-08-04,5.762983583332298,3205,8,0,0
15321310319,Saturday strides run club,2025-08-02,2.7938160985248612,1582,6,0,0
15321310351,Afternoon Run,2025-08-01,2.000820212012378,1196,5,0,0
15304531380,Frisbee,2025-07-31,1.9820547553655539,2368,5,0,0
15270285888,Tempo,2025-07-28,5.0,2507,7,0,0
15321310335,Morning Run,2025-07-28,3.748555308387289,2312,4,0,0
15234072252,Morning Run,2025-07-25,15.00074564728398,8636,7,0,0
15221805594,Temple to temple 5k,2025-07-24,3.0530528042551603,2010,11,3,1
15215631091,2-1 Tempo,2025-07-23,5.0,2466,4,0,0
15202575040,K repeats,2025-07-21,4.700001242745473,2368,5,0,0
15139323987,Evening Run,2025-07-16,5.001429157294295,2829,6,0,0
15116656540,Evening Run,2025-07-14,0.9997887332695391,579,0,0,0
15092023738,Lunch Run,2025-07-12,10.00024854909466,6712,0,0,0
14978676538,Evening walk,2025-07-01,0.07866578845986553,92,9,3,1
14900853937,Morning Run,2025-06-24,4.528502367430127,2719,11,0,0
14864547413,Afternoon Run,2025-06-20,0.6897858749549505,364,0,0,0
14828337135,400s,2025-06-16,3.055476157928095,1435,9,0,0
14723860568,Utah Valley Half,2025-06-07,13.178135136142766,6017,11,5,1
14713927023,Pre race,2025-06-06,1.1791790423403383,617,0,0,0
14699500671,Afternoon Run,2025-06-04,3.2563038264133124,1761,9,0,0
14646173432,Evening Run,2025-05-30,2.0018765456646825,1019,0,0,0
14615900659,Progression run,2025-05-27,4.000024854909466,1965,12,0,0
14581330929,Morning Run,2025-05-24,8.001541004386892,4291,8,0,0
14574660286,Evening Run,2025-05-23,2.000198839275728,1147,6,0,0
14512347057,Afternoon Run,2025-05-17,6.003827656057764,3539,8,0,0
14490597101,Morning Run,2025-05-15,4.000024854909466,2280,4,0,0
14472765096,Afternoon Run,2025-05-13,2.999987572545267,1872,5,0,0
14438622225,Family ride for mom’s bday,2025-05-10,40.62447960033305,12351,4,0,0
14410565330,Afternoon Run,2025-05-07,1.884872059353524,1255,0,0,0
14328423805,Evening Run,2025-04-29,1.2111176010041385,720,0,0,0
14294571943,Part 2,2025-04-26,6.001342165111164,3367,5,0,0
14294568969,Part 1,2025-04-26,13.94590328954727,7585,7,0,0
14292052879,Lunch Run,2025-04-25,5.001677706388954,3211,4,0,0
14297785708,Drop down set,2025-04-23,3.900045981582512,1985,0,0,0
14258738384,Evening Run,2025-04-22,7.000012427454733,4215,4,0,0
14248211550,Tempo,2025-04-21,7.500031068636833,3450,6,0,0
14229061071,Wind,2025-04-19,18.00154100438689,9773,6,0,0
14229083031,Morning run,2025-04-18,6.000037282364199,3411,3,0,0
14207235689,Afternoon Run,2025-04-17,3.206656144754993,1537,7,0,0
14189096116,Afternoon Run,2025-04-15,6.0055674997203825,3501,5,0,0
14179543122,Afternoon Run,2025-04-14,3.5000062137273664,1665,0,0,0
14161733364,Extra mileage,2025-04-13,2.800029825891359,1854,0,0,0
14157395328,Broke boys half,2025-04-12,13.100090720419551,6372,7,0,0
14149338632,Pre race?,2025-04-11,3.0007953571029122,1767,7,0,0
14133630634,Tempo,2025-04-09,3.5000062137273664,1531,6,0,0
14122838217,Afternoon Run,2025-04-08,8.000049709818931,4495,6,0,0
14113058631,K200s,2025-04-07,5.900058409037245,2885,6,0,0
14072489557,Afternoon Run,2025-04-03,1.2605788708414631,657,0,0,0
14048263277,Slushy run with Becca,2025-04-01,4.50147265338586,2471,9,1,1
14048275048,Tempo,2025-03-31,5.900058409037245,2807,7,0,0
14048351074,Morning Run,2025-03-29,12.05972634744678,6645,6,0,0
14015166149,Afternoon Run,2025-03-28,3.0017274162078866,1758,0,0,0
14007802554,Mile repeats,2025-03-27,4.700001242745473,2409,4,0,0
13996567664,Afternoon Run,2025-03-26,4.557023376042353,2492,4,0,0
13993170065,Over and under 1ks,2025-03-25,3.833186275118993,1919,0,0,0
13978131758,Evening Run,2025-03-24,1.0960393701765943,609,0,0,0
14048345474,4s and 2s,2025-03-20,4.469471957448395,2735,2,0,0
13931177426,Afternoon Run,2025-03-19,6.500118060819964,3487,9,0,0
13939335888,Tempo,2025-03-18,3.040128251332845,1460,0,0,0
13883744913,Afternoon Run,2025-03-14,13.103881094113115,6840,6,0,0
13907579341,Tempo 2.5mi with Runna ✅,2025-03-12,2.714404662781016,1320,0,0,0
13858374692,Night Run,2025-03-11,3.0103023599736543,1809,5,0,0
13848885889,Drop set,2025-03-10,5.900058409037245,2744,7,0,0
13828549054,Morning Run,2025-03-08,7.00896019486249,3680,5,1,1
13801926356,Evening Run,2025-03-05,3.2530726881827334,1924,6,0,0
13796973017,K200s,2025-03-04,4.411746430213628,2476,5,0,0
13761088416,Block run,2025-03-01,7.208545117874409,3680,8,0,0
13761080819,First half,2025-03-01,4.971727540482434,3080,7,0,0
13753645560,Afternoon Run,2025-02-28,3.2579815328022668,1929,5,0,0
13745409406,Afternoon Run,2025-02-27,1.1646389203027327,660,0,0,0
13736717870,400s,2025-02-26,2.6338747561112013,1558,7,0,0
13729174574,Evening Run,2025-02-25,6.001777126026819,3478,6,0,0
13723935535,Lunch Run,2025-02-24,5.003541824598904,2638,5,0,0
13761077978,Lunch Run,2025-02-24,5.120856997278388,2822,2,0,0
13707651064,Backcountry day,2025-02-22,3.1109026060372575,5181,6,3,1
13672976449,intervals,2025-02-19,4.643580598257671,2645,7,0,0
13666383185,recovery,2025-02-18,6.500863708103944,3622,7,0,0
13656683395,Day 1 of Utah Valley training 🥳,2025-02-17,6.133135322554588,2958,6,2,1
13605094994,Afternoon Run,2025-01-17,2.0188400213752224,1164,0,0,0
13239246815,Morning Run,2024-12-31,4.079312016105981,2437,0,0,0
13227183137,With Charlie and Mom,2024-12-30,3.0007332198292467,1713,7,1,1
13605094424,Morning Run,2024-12-28,2.869872121490798,1784,0,0,0
13203872017,3.8mi Easy Run with Runna ✅,2024-12-27,2.005045546621597,1093,0,0,0
13197431048,Afternoon Run,2024-12-26,4.300955671268968,2364,3,0,0
13176376663,Pyramid intervals,2024-12-23,5.9150956292641705,3353,7,1,1
13039415748,Morning Run,2024-11-13,1.9544658058583022,1141,0,0,0
13039414314,Afternoon Run,2024-11-09,1.0031441460474482,570,0,0,0
13039414018,Afternoon Run,2024-11-05,2.0594156610784546,1221,1,0,0
12832315200,Mile time trial,2024-11-02,2.421365280176967,1324,1,0,0
12581528206,St. George Half,2024-10-05,13.119104726161035,6059,6,5,1
12581518839,Evening Run,2024-10-04,0.575763977779711,384,0,0,0
12553618515,Evening Run,2024-10-01,2.2396137547068986,1200,5,0,0
12513396446,Intervals,2024-09-26,4.453626952663825,2424,5,0,0
12511922794,Frisbee queens,2024-09-25,3.6536095542271987,4850,2,0,0
12469460163,Morning Run,2024-09-21,10.011060434712368,5523,5,0,0
12463125292,Night Run,2024-09-20,3.045161370499708,1629,5,0,0
12461707203,Afternoon Run,2024-09-19,2.619831732262915,1346,0,0,0
12427491346,Afternoon Run,2024-09-16,3.014092733667218,1662,3,0,0
12469457141,Morning Run,2024-09-14,2.0015658592963574,1340,0,0,0
12469452337,Afternoon Run,2024-09-06,2.0927212397628843,1323,0,0,0
12320776131,Morning Run,2024-09-03,3.077224203710838,2081,0,0,0
12320775319,Morning Run,2024-08-27,3.437247567325736,1907,0,0,0
12232047943,Morning Run,2024-08-24,10.006772962829483,6411,7,0,0
12223030535,Morning Run,2024-08-23,2.2240172990169884,1511,0,0,0
12218109687,Afternoon Run,2024-08-22,6.021101818136628,3872,5,0,0
12196646738,Morning Run,2024-08-20,4.009345445959213,2765,6,0,0
12172247132,Big fan of sea level,2024-08-17,6.01526091441212,3566,6,0,0
12163636830,Morning Run,2024-08-16,2.131681310350827,1282,0,0,0
12128864907,Hilly 🤧,2024-08-12,2.2017721550449254,1463,5,0,0
12081697924,Morning Mountain Bike Ride,2024-08-06,24.86839325437757,6878,5,2,1
12032626788,Frisbee,2024-07-31,2.4102427081909354,3118,5,0,0
12011174202,3 x 1000,2024-07-29,4.010339642337853,2035,5,0,0
11987077335,Morning Run,2024-07-26,14.00791628866492,8428,5,0,0
11969617866,Temple to Temple 5k,2024-07-24,3.0464041159730075,1259,6,1,1
11969123180,Morning Run,2024-07-24,0.8167323250525061,626,0,0,0
11961407906,Morning Run,2024-07-23,7.01293698037705,4253,2,0,0
11952780977,Morning Run,2024-07-22,7.010637901251445,4445,4,0,0
11938140597,Sleep deprivation,2024-07-20,16.01339679620217,9898,5,0,0
11928223242,Morning Run,2024-07-19,5.011371121080692,3006,3,0,0
11919849686,Morning Run,2024-07-18,4.6993177327351585,3173,2,0,0
11911701912,Lil speed workout,2024-07-17,4.011333838716493,2225,3,0,0
11911098397,Morning Run,2024-07-16,5.380777213019002,3347,2,0,0
11894430847,Morning Run,2024-07-15,6.999142505623424,4469,4,0,0
11894427217,Morning Run,2024-07-13,13.004461456249146,7823,2,0,0
11894421182,Evening Walk,2024-07-12,2.676376651298048,3298,0,0,0
11871576345,6 x 100,2024-07-12,1.3488137994457354,766,0,0,0
11894418571,Dog park with Charlie,2024-07-11,0.6370313296133819,413,0,0,0
11894417485,Frisbee,2024-07-10,2.3806653659264048,3699,0,0,0
11894414228,✨character building✨,2024-07-10,5.061640175475661,2881,2,0,0
11894412573,Afternoon Walk,2024-07-09,1.434376825282414,1522,0,0,0
11842845326,Afternoon Run,2024-07-08,1.1200243578112767,746,0,0,0
11842844865,Road to Mermaid,2024-07-08,0.0,1507,2,0,0
11823232646,Misery,2024-07-06,9.000024854909467,5335,4,0,0
11803943682,Frisbee,2024-07-03,2.5846620353685363,2514,4,0,0
11799118431,Morning Run,2024-07-03,3.638945157642264,2100,3,0,0
11795552805,Hike with the doggos,2024-07-02,2.717262977369605,3343,3,2,1
11790985843,Morning Run,2024-07-02,6.0005343805535185,3486,4,0,0
11782818062,Bloody nose,2024-07-01,2.495246498564629,1505,4,1,1
11768144011,Morning Run,2024-06-29,11.009295736140283,6425,3,0,0
11760419616,Morning Run,2024-06-28,5.002485490946599,2974,4,0,0
11752914257,Morning Run,2024-06-27,5.004349609156549,2945,5,0,0
11745274050,Fartlek,2024-06-26,4.883430474604497,2805,2,0,0
11736782904,Morning Run,2024-06-25,5.0017398436626195,2885,4,0,0
11728824774,Morning Run,2024-06-24,4.136975406067084,2996,0,0,0
11712436082,My dad is cooler than your dad,2024-06-22,6.466812482135533,2917,5,4,1
11711346115,Morning Run,2024-06-22,0.5663812494562989,326,0,0,0
11705715814,Morning Run,2024-06-21,2.2911876918488328,1613,0,0,0
11691322282,Fartlek,2024-06-19,4.002323934035071,2314,5,0,0
11682403912,Morning Run,2024-06-18,5.00136702002063,2935,3,0,0
11674195468,Morning Run,2024-06-17,5.137509786620602,3200,4,0,0
11551253045,Utah Valley Marathon,2024-06-01,26.381311593572523,14129,9,5,1
11540884510,Pre race yog,2024-05-31,2.0014415847490277,1226,3,0,0
11524904802,Morning Run,2024-05-29,1.8626269153814607,1225,0,0,0
11517571386,4 x 400s,2024-05-28,2.3845800141672986,1143,5,0,0
11495070368,Rain,2024-05-25,8.001043906197571,4418,8,1,1
11489107973,Afternoon Run,2024-05-24,3.2261672486857966,1828,5,0,0
11479152192,Morning Run,2024-05-23,4.01928740974561,1886,2,0,0
11472075384,Morning Run,2024-05-22,4.007232778654604,2318,4,0,0
11466544000,Cooldown,2024-05-21,0.9451700697180211,600,0,0,0
11466588699,Quick lil tempo,2024-05-21,2.334621646140654,1200,3,0,0
11456541450,Morning Run,2024-05-20,3.0021002398498764,1993,0,0,0
11440493666,Morning Run,2024-05-18,12.017907962270248,6554,5,0,0
11432764954,Morning Run,2024-05-17,4.0064871313706245,1890,1,0,0
11425025534,Moneghetti,2024-05-16,3.7373705991275927,1974,0,0,0
11417160907,Morning Run,2024-05-15,4.281133880969839,2463,2,0,0
11408982331,6 x hill @ crestwood apts,2024-05-14,2.151192414281631,1326,0,0,0
11386236746,Taper time,2024-05-11,20.00397678551456,10858,7,0,0
11378828902,Morning run,2024-05-10,8.221569090434588,3931,6,0,0
11371008093,Tempo,2024-05-09,3.5000062137273664,1800,0,0,0
11362039820,Morning Run,2024-05-08,5.0027961773149245,2568,0,0,0
11353589826,8 x 800,2024-05-07,5.700038525109672,2657,3,0,0
11330667552,Chicago long run,2024-05-04,12.003492114779974,6163,9,1,1
11322881598,Morning Run,2024-05-03,6.236842432301441,3373,5,0,0
11315505662,Morning Run,2024-05-02,5.006959374650478,2367,5,0,0
11311135798,Colorado WHOOT WHOOT,2024-05-01,2.6591646264928483,2696,4,1,1
11299148666,Cooldown,2024-04-30,0.437322132054134,312,0,0,0
11299177586,Short tempo,2024-04-30,2.30001118470926,1200,4,0,0
11291600137,Morning Run,2024-04-29,3.003715808965166,2233,0,0,0
11276518002,Downhill fun pt 2,2024-04-27,20.000124274547332,11455,9,1,1
11268682378,Morning Run,2024-04-26,7.001627996570023,3253,5,0,0
11262248842,Cooldown,2024-04-25,0.8800502069171213,609,0,0,0
11262267934,Done with finals 🎉🙏,2024-04-25,4.500043496091566,2400,6,0,0
11246670487,7 x hills,2024-04-23,2.329464252426461,1424,6,0,0
11239161180,Post sickness run,2024-04-22,1.4134987013309805,1005,0,0,0
11210505955,Cooldown,2024-04-18,0.6140405383573391,452,0,0,0
11210518256,Tempo,2024-04-18,4.100003728236421,2100,5,0,0
11203828801,Morning Run,2024-04-17,2.762809598966036,1753,0,0,0
11195695856,7x800,2024-04-16,5.0,2520,6,0,0
11173299422,Run For Provo 5k,2024-04-13,3.080393204667752,1341,10,3,1
11172272762,Morning Run,2024-04-13,0.45534194141697837,300,0,0,0
11164985223,Friday Long Run,2024-04-12,20.0074564728398,11009,7,0,0
11157807440,Morning Run,2024-04-11,3.3117924117961404,2079,0,0,0
11142368662,Tempo,2024-04-09,4.400002485490947,2400,3,0,0
11120074490,General Conference Pregame,2024-04-06,19.062534952216435,10722,7,0,0
11112568351,Morning Run,2024-04-05,8.001478867113228,3857,6,0,0
11105411756,Morning Run,2024-04-04,4.700001242745473,2700,3,0,0
11091456508,Hill Repeats,2024-04-02,3.000422533460922,1676,0,0,0
11083947548,Morning Run,2024-04-01,1.999639603812743,1276,0,0,0
11070482452,Morning Run,2024-03-30,11.003144146047449,5759,4,0,0
11055749417,Morning Run,2024-03-28,3.900045981582512,2100,4,0,0
11048944947,Morning Run,2024-03-27,1.0058160488150423,567,0,0,0
11021365260,Morning Run,2024-03-23,13.00178955348155,7504,5,0,0
11014828835,Morning Run,2024-03-22,8.002659475312862,4729,3,0,0
10993516371,Tempo,2024-03-19,3.3000484670734584,1800,0,0,0
10964690028,Morning Run,2024-03-15,3.20000745647284,1503,5,0,0
10964697150,30 min tempo,2024-03-14,3.400027340400413,1800,0,0,0
10951394375,Morning Run,2024-03-13,1.0000372823641992,571,2,0,0
10876091611,Windy run,2024-03-02,14.0036909540557,7527,8,1,1
10868241549,Morning Run,2024-03-01,7.01156996035642,3832,5,0,0
10868912478,Morning Run,2024-02-29,2.999987572545267,1386,1,0,0
10855083259,Morning Run,2024-02-28,1.083860464538258,671,0,0,0
10848510424,35 min tempo,2024-02-27,3.5000062137273664,2100,0,0,0
10840947457,Morning Run,2024-02-26,1.0027713224054582,704,0,0,0
10828817765,Morning Run,2024-02-24,13.000857494376577,7048,4,0,0
10822722161,Afternoon Run,2024-02-23,2.30001118470926,1061,0,0,0
10818571777,Hostage,2024-02-22,0.18504480097431247,97,1,4,1
10800853018,Hills,2024-02-20,2.007841723936521,1156,3,0,0
10796876094,Afternoon Run,2024-02-19,3.0011681807449015,1754,1,0,0
10791204145,Same as yesterday but with the men,2024-02-18,1.6729839561559399,2575,3,1,1
10782901544,Jared and all of his women,2024-02-17,2.710862838182112,4742,3,5,1
10781552266,Brian Head,2024-02-17,8.18254688257298,5440,4,1,1
10773838299,Carrera de mañana,2024-02-16,6.000037282364199,2764,3,0,0
10770411025,Cooldown,2024-02-15,0.8942796425864019,590,0,0,0
10770368525,30 min tempo,2024-02-15,2.399990058036214,1215,0,0,0
10754201031,4x800,2024-02-13,2.434911205835933,1538,0,0,0
10747401517,Morning Run,2024-02-12,1.1430151490673195,638,0,0,0
10735411331,Treadmill long run,2024-02-10,10.000062137273666,5730,3,1,1
10721861902,Morning run,2024-02-08,2.999987572545267,1388,1,0,0
10715213012,Morning Run,2024-02-07,1.0177464053587186,558,0,0,0
10708517366,Morning Run,2024-02-06,3.1000285831458863,1802,0,0,0
10702986622,Lunch Run,2024-02-05,1.0316651546596742,531,0,0,0
10585602574,Afternoon Run,2024-01-18,2.814569947928965,1665,0,0,0
10551691710,Morning Run,2024-01-13,4.366448357711858,2217,4,0,0
10521819527,Evening Run,2024-01-08,3.022294853790995,1567,0,0,0
10480798049,Lunch Run,2024-01-02,2.131743447624492,1412,0,0,0
10458595777,Mud fest,2023-12-29,3.4713609305678106,2027,4,2,1
10440314190,Morning Run,2023-12-26,1.8508208333851144,1239,0,0,0
10420227543,Morning Run,2023-12-22,3.2947667988119353,1980,0,0,0
10400404798,Morning Run,2023-12-18,3.04043893770117,1657,0,0,0
10391995775,Evening Run,2023-12-15,3.163843563199821,1493,0,0,0
10379509667,30 min tempo,2023-12-14,3.253445511824723,1800,0,0,0
10379369072,Morning Run,2023-12-13,1.0650950078914339,787,0,0,0
10370903335,8x200,2023-12-12,2.205873215106814,1109,0,0,0
10365568240,Afternoon Run,2023-12-11,3.0050206917121307,1990,0,0,0
10270701060,Morning Run,2023-11-23,2.0333801434128276,1200,1,0,0
10241409226,Morning yog,2023-11-18,13.384927982899823,6089,11,5,1
10236287516,Afternoon Run,2023-11-17,2.1498875315346666,1272,0,0,0
10234545572,Morning Run,2023-11-16,1.7483564691115612,869,0,0,0
10217524765,6x400,2023-11-14,2.355002671902768,1161,0,0,0
10202624389,Utah Lake with Sara pt 2,2023-11-11,12.08880659152199,5079,5,3,1
10200852572,Morning Run,2023-11-11,9.005430797718319,5296,2,0,0
10160023798,Therapy hour,2023-11-04,13.00663626082742,7046,5,1,1
10144555276,Afternoon Run,2023-11-01,3.002410926218201,1804,0,0,0
10120338013,Saturday yog with Maren week 2,2023-10-28,9.254601265114891,4541,6,2,1
10113858134,Chicagoooooo,2023-10-27,5.759503896007059,2888,3,2,1
10113188840,Morning Run,2023-10-24,2.724470901114743,1138,0,0,0
10078674744,Yogging with Maren,2023-10-21,10.198963550275268,4946,5,1,1
10074167373,Tempo,2023-10-20,2.5000310686368326,1500,0,0,0
10070562976,Night Run,2023-10-19,1.5031006499558826,943,0,0,0
10067786406,3 x mile,2023-10-18,3.2912249742130313,1473,0,0,0
10037469104,Morning Run,2023-10-11,2.2826748853567302,1456,0,0,0
9995003646,Morning Run,2023-10-07,11.00065865510085,5902,3,0,0
9971873183,8x400,2023-10-03,3.006822672648415,1382,4,0,0
9957793375,General Conference Halftime,2023-10-01,4.360669591261014,4495,3,1,1
9945704200,Afternoon Run,2023-09-29,3.0011681807449015,1732,0,0,0
9940788238,Night Run,2023-09-28,4.801595685187717,2700,2,0,0
9920123755,Afternoon Run,2023-09-25,3.000981768923907,2124,0,0,0
9906417275,Morning Run,2023-09-23,9.00443660133968,5569,5,0,0
9898800705,Morning Run,2023-09-22,2.9994283370822825,1883,0,0,0
9860990680,Morning Run,2023-09-16,1.6102253097543093,1198,0,0,0
9817054071,Big Cottonwood Half,2023-09-09,13.612288267239986,6280,7,3,1
9802311940,Morning Run,2023-09-07,3.000546808008252,1879,0,0,0
9788817457,6x400,2023-09-05,2.515938210695068,1321,0,0,0
9782228342,Morning Run,2023-09-04,3.002721612586526,1963,0,0,0
9769124173,Morning Run,2023-09-02,2.992966060621124,2526,0,0,0
9757126311,Lunch Run,2023-08-31,4.281196018243503,2544,0,0,0
9743888442,6x800,2023-08-29,3.670945853579729,1627,4,0,0
9737159635,Morning Run,2023-08-28,2.607590689350914,1846,0,0,0
9725335714,Morning Run,2023-08-26,12.026296494215021,7127,5,0,0
9718733444,Morning Run,2023-08-25,2.4236643593025713,1937,0,0,0
9712592530,55 min tempo,2023-08-24,5.53009308163595,3300,0,0,0
9705663646,Morning Run,2023-08-23,2.859619471336076,1490,3,1,1
9698769598,4 x mile,2023-08-22,4.68036586426734,2242,5,0,0
9692153023,Morning Run,2023-08-21,2.9998011607242723,2072,0,0,0
9679449360,Morning Run,2023-08-19,9.00207538494041,5106,3,0,0
9672289435,Morning Run,2023-08-18,3.000173984366262,2410,0,0,0
9665874437,Tempo,2023-08-17,3.1616687586215466,1909,0,0,0
9653040470,5x800,2023-08-15,3.499571252811712,1753,5,0,0
9646131335,GUESS WHO’S BACK,2023-08-14,5.404327239738029,3101,7,2,1
9633891688,Seattle WHOOT WHOOT ,2023-08-12,5.5796786260206055,3232,5,1,1
9626912537,Sweatfest,2023-08-11,5.043433954291822,2848,1,0,0
9620530929,Morning Ride,2023-08-10,14.463755328271217,3892,3,0,0
9613916898,Back in Colorado!!,2023-08-09,26.105359961226345,7376,6,1,1
9606712569,Mile repeats 😤,2023-08-08,4.3309058371754885,2199,4,0,0
9599982430,Morning Run,2023-08-07,3.0010439061975718,2291,0,0,0
9588753977,Draper got wrecked,2023-08-05,11.503659885418868,6353,6,2,1
9581524493,Morning Run,2023-08-04,3.084121441087651,2304,0,0,0
9562701838,4x800,2023-08-01,4.0339518063305455,2400,0,0,0
9555939214,Morning Run,2023-07-31,3.001416729839562,2313,0,0,0
9543319842,Morning Run,2023-07-29,3.887867075944176,2496,0,0,0
9521235173,My milkshake brings all the boys to the yard ,2023-07-25,7.333627449762014,2467,8,4,1
9512668749,Bear lake forced family fun,2023-07-24,17.538618315582784,4958,6,0,0
9512129315,Therapy hour ,2023-07-22,7.154982787975195,3868,3,0,0
9487524053,Morning pickup run,2023-07-20,3.999776305814806,2230,5,0,0
9483694620,With Pfeiffer ,2023-07-19,2.206308176022469,1394,0,0,0
9474767370,8xhill,2023-07-18,3.0825680092460264,2349,0,0,0
9449975693,Morning Run,2023-07-14,9.269638485341817,5400,4,0,0
9443537948,Morning Run,2023-07-13,0.3182049784383661,215,0,0,0
9437428652,Morning Run,2023-07-12,3.000608945281917,2247,0,0,0
9434109081,8x400,2023-07-11,2.637913678899425,1188,0,0,0
9424652083,Morning Run,2023-07-10,3.0106751836156436,2086,0,0,0
9412985431,Morning Run,2023-07-08,3.1005878186088704,1561,0,0,0
9412364002,Morning Run,2023-07-08,0.8395988417612189,599,0,0,0
9405718699,Morning Run,2023-07-07,2.0011930356543677,1575,0,0,0
9399766863,7xhill,2023-07-06,2.6384729143624095,1952,0,0,0
9393505462,Morning Run,2023-07-05,3.048454646003952,2153,0,0,0
9387026631,Tempo ,2023-07-04,2.938409534343271,1800,0,0,0
9380823227,Lupine with mom,2023-07-03,3.067344377198106,2090,0,0,0
9362528796,Morning Run,2023-06-30,3.197646240073571,1869,0,0,0
9356573033,Morning Run,2023-06-29,4.6873252389178175,2700,2,0,0
9350612281,Morning Run,2023-06-28,3.370139311767557,2061,0,0,0
9320362410,Morning Run,2023-06-23,7.152310885207601,4056,5,0,0
9314022588,Morning Run,2023-06-22,0.3515105571227957,245,0,0,0
9313809304,Morning Run,2023-06-22,0.3057153864317049,223,0,0,0
9307485530,Morning Run,2023-06-21,3.178818646153082,2346,0,0,0
9300927261,Morning Run,2023-06-20,3.2687312811463087,2400,0,0,0
9294742520,Death by elevation,2023-06-19,3.1702437023873142,1961,6,1,1
9283996374,Lunch Run,2023-06-17,1.7024370238731408,1196,0,0,0
9262295708,Morning Run,2023-06-14,2.7941889221668514,2028,0,0,0
9230936805,Morning Run,2023-06-09,2.0174730013545927,1323,0,0,0
9224641453,Morning Run,2023-06-08,4.296606062112419,2532,3,1,1
9218528815,Morning Run,2023-06-07,3.0021623771235415,1756,4,0,0
9198609069,Morning Run,2023-06-04,4.217815999105223,2489,3,0,0
9182625649,Morning Mountain Bike Ride,2023-06-01,8.422769582561797,4399,4,0,0
9175483663,Morning Run,2023-05-31,4.188673617756348,2930,0,0,0
9169626819,Jog/walk shakeout,2023-05-30,2.17051710639144,1608,0,0,0
9163419814,Good to be back,2023-05-29,4.028421588974362,2321,6,0,0
6387831761,Morning Run,2021-12-15,3.0044614562491456,1600,0,0,0
6306139704,Morning Run,2021-11-25,2.035617085264767,1211,0,0,0
6306008901,Morning Run,2021-11-23,1.4615929511476755,927,0,0,0
6265997615,First run back,2021-11-16,1.2013620490387364,770,0,0,0
6222304418,Afternoon Hike,2021-11-06,0.6735680465283905,900,0,0,0
6222305432,Afternoon Hike,2021-11-06,3.337890066735432,4152,7,0,0
6140791658,Central Park,2021-10-20,5.350889184386146,2658,9,4,1
6054724457,Silver Lake,2021-10-02,4.5063193607317285,7151,6,3,1
6035670244,8x600,2021-09-28,4.565411907987126,2127,7,0,0
6035668992,Afternoon Run,2021-09-28,1.0311680564703543,539,3,0,0
5998716733,First day with the Farm Team!!,2021-09-21,5.037406638746319,2404,10,0,0
5998716610,Warmup,2021-09-21,1.3751600034796874,663,5,0,0
5983404520,Morning Run,2021-09-18,2.437334559508867,1380,0,0,0
5943839907,Cooldown 3 hours after I finished ,2021-09-11,0.5198404314812284,345,0,0,0
5942734752,Revel Big Cottonwood Half,2021-09-11,13.19677631824226,5651,5,3,1
5926670130,Morning Run,2021-09-08,4.0364994345508105,1963,3,0,0
5915668553,Morning Run,2021-09-06,4.135794797867449,2085,3,0,0
5882241874,Morning Run,2021-08-31,3.389215454782706,1740,0,0,0
5876994200,Morning Run,2021-08-30,3.0521207451501855,1653,0,0,0
5867284903,Morning Run,2021-08-28,7.002249369306672,3775,0,0,0
5851140436,Morning Ride,2021-08-25,17.208296568779748,4352,6,0,0
5829406683,Bear Lake,2021-08-21,10.022058732151068,4976,7,1,1
5817940801,Recovery followed by lifting ,2021-08-18,2.000012427454733,1050,0,0,0
5808757645,Treadmill 800s,2021-08-17,5.500018641182099,2582,3,0,0
5786795209,Morning Run,2021-08-13,5.302794934569451,2722,0,0,0
5786505876,Morning Run,2021-08-13,4.7233027203698414,2356,0,0,0
5781543164,Morning Run,2021-08-12,2.999614748903277,2045,0,0,0
5775991672,Mile Repeats,2021-08-11,6.100016155691153,2775,8,1,1
5764276774,Beach run!!,2021-08-09,5.285955733406241,2626,11,3,1
5761183377,San Francisco Walk,2021-08-07,5.161991872444605,7194,5,3,1
5753805139,Morning Run,2021-08-07,7.0387860862216804,3870,0,0,0
5754326969,Golden Gate Bridge,2021-08-06,2.9700374066387467,3550,8,2,1
5723598480,Alta Cecret Lake,2021-08-01,5.74167049846521,7358,8,0,0
5716485880,Morning Run,2021-07-31,8.00564206444878,4108,7,0,0
5711169254,Morning Run,2021-07-30,3.1212795307393093,2070,0,0,0
5706676359,Tractors,2021-07-29,4.694905986304945,2374,8,0,0
5701021771,Run continued,2021-07-28,1.3000360396187256,589,0,0,0
5701016600,Morning Run,2021-07-28,1.7737706140405385,959,0,0,0
5695856286,Morning Run,2021-07-27,3.0039643580598256,1773,0,0,0
5674885855,Morning Ride,2021-07-23,11.608796152460016,5310,6,0,0
5669211470,Morning Run,2021-07-22,1.7233772850982392,1368,0,0,0
5642277664,Wheadon Farm,2021-07-17,8.00850037903737,3871,11,1,1
5637373107,Potato Hill,2021-07-16,3.213801931226466,1659,8,1,1
5631826781,Morning Run,2021-07-15,2.0714702921694608,1596,0,0,0
5627323427,Morning Run,2021-07-14,2.0493494227447275,1680,0,0,0
5621352599,Morning Run,2021-07-13,3.854437222712417,2388,0,0,0
5615789923,Morning Run,2021-07-12,6.011284128897561,2805,8,0,0
5605687147,Back in Utah,2021-07-10,8.004212907154486,3986,11,1,1
5590773516,Last one with the gang 🥺,2021-07-07,3.3240334547081414,5256,9,3,1
5568363276,Palmer Lake Fun Run,2021-07-03,3.995985932121242,1782,8,1,1
5567852614,Morning Run,2021-07-03,1.0396808629624568,642,0,0,0
5563424190,Morning Run,2021-07-02,2.0832142368921422,1269,0,0,0
5558383161,Morning Run,2021-07-01,4.011706662358482,1973,8,0,0
5555947908,Afternoon Run,2021-06-30,2.3648203611418346,1248,0,0,0
5532240657,Morning Run,2021-06-26,3.1000285831458863,1593,7,0,0
5526736535,Morning Run,2021-06-25,4.0359401990878245,2092,7,0,0
5516906383,Morning Run,2021-06-23,3.0124150272782635,1858,0,0,0
5513532956,4 x 800,2021-06-22,3.8000049709818935,1940,0,0,0
5507198842,Lunch Run,2021-06-21,3.2234953459182027,1963,0,0,0
5496490161,Santa Fe Fun,2021-06-19,10.00012427454733,4902,9,0,0
5496535430,Morning Run,2021-06-18,4.261374227944375,2218,7,0,0
5486091593,Morning Run,2021-06-17,3.6451588850087617,2097,0,0,0
5480300676,Morning Run,2021-06-16,3.2096387338909116,1892,0,0,0
5474803311,5x800,2021-06-15,4.400002485490947,2416,0,0,0
5468749761,Morning Run,2021-06-14,3.128611729031777,1846,0,0,0
5457425671,Morning Run,2021-06-12,7.004796997526937,3846,0,0,0
5452607853,Morning Run,2021-06-11,2.714963898244001,1461,0,0,0
5496535473,Morning Run,2021-06-10,3.0019759653025466,1563,0,0,0
5441198774,Tempo,2021-06-09,3.4045012241042913,1801,0,0,0
5429548119,Morning Run,2021-06-07,3.0145276945828723,1883,0,0,0
5418117130,Morning Run,2021-06-05,6.51068139734301,3394,0,0,0
5402441277,Morning Run,2021-06-02,3.146072302931637,1881,0,0,0
5389155280,Morning Run,2021-05-31,3.0093081635950143,1741,0,0,0
5366709186,3rd Street to Northgate ,2021-05-27,6.002274224216139,2844,4,0,0
5361459624,Morning Run,2021-05-26,3.0072576335640697,1770,0,0,0
5355927666,Morning Run,2021-05-25,4.650664247455479,2076,5,0,0
5355536376,Morning Run,2021-05-25,0.6938869350168393,415,0,0,0
5338930853,Morning Run,2021-05-22,7.04077447897896,3766,5,0,0
5334104492,Morning Run,2021-05-21,5.010004101060062,2798,7,0,0
5329839063,Tempo,2021-05-18,3.225794425043807,1500,1,0,0
5312616136,Morning Run,2021-05-17,3.0083139672163743,1653,0,0,0
5264126187,Lunch Ride,2021-05-08,2.900754346502293,1099,0,0,0
5263534260,Fruita Riding,2021-05-08,12.636670933426126,5687,6,0,0
5249001338,Rush,2021-05-05,9.471833173847665,4928,10,0,0
5218984226,Revel Wasatch Marathon,2021-04-30,26.193781301651608,14027,9,2,1
5213416006,Morning Run,2021-04-29,2.156909043458809,1353,1,0,0
5208231936,Shakeout + 4 strides,2021-04-27,2.30001118470926,1228,0,0,0
5197458825,Lunch Run,2021-04-26,4.000024854909466,1908,8,2,1
5191853795,Morning Walk,2021-04-25,2.9771831931102195,3010,7,0,0
5184282290,Morning Run,2021-04-24,6.364596666956641,3407,8,1,1
5178668225,Morning Run,2021-04-23,4.012141623274137,2152,10,0,0
5163654303,Procrastination Station,2021-04-20,2.1597673580473984,1108,6,0,0
5161652573,Morning Run,2021-04-20,7.040028831694981,3665,8,0,0
5157950990,Afternoon Run,2021-04-19,4.107025240160564,3295,0,0,0
5145442133,Afternoon Hike,2021-04-17,2.779400251034586,2883,0,0,0
5144035295,Lots of Kiwanis Park,2021-04-17,12.0774354704413,6326,7,0,0
5139114171,Afternoon Run,2021-04-16,4.962966184895672,2656,0,0,0
5132130314,Morning Run,2021-04-15,4.043831632843277,2180,0,0,0
5120169738,Morning Run,2021-04-13,3.4263735444343646,2047,0,0,0
5103449084,Death,2021-04-10,20.014291572942945,10262,9,0,0
5097970364,Zooropa,2021-04-09,8.404936185019947,3905,7,0,0
5090982791,Pre Midterm Run,2021-04-08,4.265351013458933,2258,8,0,0
5085314586,Morning Run,2021-04-07,7.0473610299874485,3626,8,0,0
5079806546,Morning Run,2021-04-06,5.053686604446543,2785,9,0,0
5075815469,Afternoon Ride,2021-04-05,2.3976288416369442,908,0,0,0
5074611738,Morning Run,2021-04-05,2.215815178893211,1423,0,0,0
5069818683,Lone Rock,2021-04-04,4.175376241192042,6104,7,3,1
5064469578,Afternoon Ride,2021-04-03,7.02778778878298,3332,6,0,0
5062597675,Downhill Fun,2021-04-03,18.01558402823518,9023,8,2,1
5050650904,Morning Run,2021-04-01,7.041147302620951,3570,8,0,0
5044139775,Morning Run,2021-03-31,3.3814482955745833,2041,0,0,0
5038069163,Fartlek ,2021-03-30,7.055003914648241,3700,8,0,0
5033891668,Afternoon Run,2021-03-29,2.6422011507823084,1479,0,0,0
5022608701,Goblin Valley Slot Canyon,2021-03-27,8.884573800439933,9807,9,2,1
5002685358,Morning Run,2021-03-24,0.8616575739122871,473,0,0,0
4997227244,Hills,2021-03-23,3.5506480917643257,2102,7,0,0
4980096427,Morning Run,2021-03-20,14.012576584189793,7113,7,0,0
4974985752,Not So Emerald Pools,2021-03-19,2.2046926069071793,3363,7,0,0
4975000540,Angel’s Landing,2021-03-19,5.342438515167708,7536,9,2,1
4974985734,Morning Run,2021-03-18,4.204829308909242,2343,0,0,0
4963055372,Morning Run,2021-03-17,4.038674239129084,2350,0,0,0
4957819954,Morning Run,2021-03-16,2.7740564454993972,1492,0,0,0
4953562382,Morning Run,2021-03-15,3.268669143872643,1995,0,0,0
4924460666,Morning Run,2021-03-10,3.1725427815129184,2027,0,0,0
4919058884,6 x 800,2021-03-09,7.017162314986268,3273,10,0,0
4901446932,Morning Run,2021-03-06,12.061404053835735,5722,8,0,0
4890043717,Morning Run,2021-03-04,4.013197956926442,2072,6,0,0
4883989890,Morning Run,2021-03-03,3.0010439061975718,1857,0,0,0
4880500615,Afternoon Run,2021-03-02,5.016279965700225,2636,9,0,0
4873723226,Afternoon Run,2021-03-01,3.0022245143972066,1602,0,0,0
4860241591,Morning Run,2021-02-27,10.005405942808855,4850,5,0,0
4850767534,Dreadmill,2021-02-25,4.000024854909466,1980,6,0,0
4844961650,Run continued,2021-02-24,0.6999763878360074,354,0,0,0
4844955782,Afternoon Run,2021-02-24,2.118632482881181,1263,0,0,0
4838229801,Afternoon Run,2021-02-23,4.302322691289597,2412,0,0,0
4832271356,Afternoon Run,2021-02-22,2.450631936073173,1419,0,0,0
4812663418,Morning Run,2021-02-19,5.0337405396000845,2550,7,0,0
4807561131,Morning Run,2021-02-18,4.069742875961575,2118,8,0,0
4805230798,Gym,2021-02-17,2.000012427454733,952,0,0,0
4798160014,Snowy run with Becca,2021-02-16,4.576783029067817,2290,8,1,1
4777118011,Afternoon Run,2021-02-12,1.691749412802764,1058,0,0,0
4770785762,Morning Run,2021-02-11,3.03994183951185,1574,6,0,0
4766695724,Alta Skiing,2021-02-10,15.888873699777548,6176,12,0,0
4739786218,Morning Run,2021-02-05,4.15002423353673,2332,7,0,0
4723044583,Morning Run,2021-02-02,3.5520151117849554,2054,8,0,0
4718212655,Lunch Run,2021-02-01,3.015646165508842,1444,7,0,0
4700686643,Morning Run,2021-01-29,4.001764698572085,2028,10,0,0
4690320515,Morning Run,2021-01-27,4.08552574347248,2202,6,0,0
4680702180,Lunch Run,2021-01-25,2.5018951868467822,1335,0,0,0
4663331926,Morning Ride,2021-01-22,1.8137248810071211,701,0,0,0
4657936245,Morning Run,2021-01-21,2.267140566940485,1176,0,0,0
4643997139,Stewart Falls,2021-01-18,3.9765991027377683,6031,9,3,1
4642765103,Lunch Run,2021-01-18,2.3836479550623237,1280,0,0,0
4631227194,Morning Run,2021-01-16,7.043757068114879,3782,7,0,0
4625993079,Lunch Run,2021-01-15,4.0009569140144405,1929,10,0,0
4616120101,Morning Ride,2021-01-13,4.42237190401034,1809,7,0,0
4609352767,Morning Run,2021-01-12,4.4713360756583445,2360,11,0,0
4605068546,Lunch Run,2021-01-11,4.055637714839624,1895,8,0,0
4584426216,Vail skiing,2021-01-07,46.18539276970684,15887,11,2,1
4572010915,Cooldown,2021-01-05,1.105794922141996,688,0,0,0
4572010996,Palmer Lake Fartlek ,2021-01-05,3.8858786831868968,1829,11,0,0
4571992780,Warmup,2021-01-05,1.3439670920998672,644,9,0,0
4567819077,Morning Run,2021-01-04,4.097642511837151,2249,8,0,0
4562769485,Lunch Walk,2021-01-03,3.305454409882312,3688,0,0,0
4555696381,Morning Run,2021-01-02,7.8176768116122135,3839,10,0,0
4550524878,Lunch Ride,2021-01-01,4.807063765270235,1631,11,0,0
4545359735,Morning Run,2020-12-31,4.090123901723688,2143,10,0,0
4535173327,Morning Run,2020-12-29,2.5065554823716556,1527,0,0,0
4530440609,Morning Run,2020-12-28,3.7102787478096615,2329,7,0,0
4521972901,Sufferfest part 2,2020-12-26,60.14521480855507,18038,10,0,0
4512945072,Morning Run,2020-12-24,4.605490449501038,2358,10,0,0
4512703722,Morning Run,2020-12-24,1.1146805522760885,595,9,0,0
4509089826,Rip,2020-12-23,5.428250090099047,3016,11,0,0
4505913020,Afternoon Run,2020-12-22,4.070799209613879,2349,0,0,0
4501567608,Afternoon Run,2020-12-21,4.30909565411908,2043,11,0,0
4492184314,Morning Run,2020-12-19,6.051238395864144,2876,9,0,0
4479858048,Morning Run,2020-12-16,7.012191333093069,3731,12,0,0
4471825732,Morning Run,2020-12-14,5.216113437806803,2642,11,0,0
4463664802,Frosty Run,2020-12-12,3.7906222426584812,2011,8,2,1
4458853062,Morning Run,2020-12-11,4.007108504107274,2589,0,0,0
4454683695,Morning Run,2020-12-10,4.441137360657164,2328,8,0,0
4450522255,Morning Run,2020-12-09,4.143996917991227,2212,9,0,0
4446436824,Morning Run,2020-12-08,4.652093404749774,2480,8,0,0
4442249730,Morning Run,2020-12-07,4.023885567996819,2129,7,0,0
4435438922,Lunch Ride,2020-12-05,9.780531149415289,5136,10,0,0
4433726712,Reunited with the gal pals!,2020-12-05,7.724781587483068,3705,13,1,1
4429961306,Sufferfest,2020-12-04,62.30131606745623,18871,13,0,0
4412387536,Morning Run,2020-11-30,2.406514471771037,1360,1,0,0
4404255854,Lunch Hike,2020-11-28,8.57053201933712,10747,9,0,0
4399106113,Run with Zach,2020-11-27,4.528253818335467,2389,6,0,0
4395072700,Red Rocks with the fam,2020-11-26,7.435843264940908,5258,8,0,0
4394289770,Morning Run,2020-11-26,3.3003591534417835,1685,6,0,0
4389665007,Morning Run,2020-11-25,4.011706662358482,2191,8,0,0
4384354148,Snowy run!!,2020-11-24,3.0059527508171056,1555,9,2,1
4351438650,Morning Run,2020-11-17,4.025749686206768,2078,7,0,0
4327734926,Morning Run,2020-11-12,1.758795531087278,1135,0,0,0
4323317362,Morning Run,2020-11-11,2.064200231150658,1428,0,0,0
4323146945,Morning Run,2020-11-11,1.8826351175015847,784,7,0,0
4323021550,Morning Run,2020-11-11,2.333378900667354,1431,0,0,0
4317951607,Morning Run,2020-11-10,5.071644276535723,2642,9,0,0
4299124418,Utah Lake with Sara,2020-11-06,13.972808729044205,5142,9,3,1
4290096414,Morning Run,2020-11-05,1.7245578932978738,1087,0,0,0
4285848079,Morning Ride,2020-11-04,6.36695788335591,2500,7,0,0
4280912042,Morning Run,2020-11-03,5.042066934271192,2702,9,0,0
4276412445,Morning Run,2020-11-02,5.323921607615545,2701,8,0,0
4267997340,Morning Ride,2020-10-31,9.468602035617087,4072,7,0,0
4259121633,Morning Run,2020-10-29,2.790709234841612,1562,0,0,0
4255130202,Morning Run,2020-10-28,4.6793716678887,2701,0,0,0
4246552673,Morning Run,2020-10-26,3.3487019523531387,1856,0,0,0
4238236155,Morning Ride,2020-10-24,5.354990244448035,2403,0,0,0
4234412697,Afternoon Ride,2020-10-23,4.104539749213964,2193,9,0,0
4220322630,Morning Run,2020-10-20,4.068127306846285,2022,5,0,0
4217334085,Horsetail Falls,2020-10-19,4.519741011843364,6229,9,1,1
4198488715,Morning Run,2020-10-15,4.228690021996595,2185,6,0,0
4196419556,Afternoon Run,2020-10-14,5.101221618800254,2476,4,0,0
4189979986,Y Mountain,2020-10-13,7.17126275367542,4279,8,0,0
4187666493,Afternoon Run,2020-10-12,3.3352181639678378,1809,0,0,0
4172149311,Morning Run,2020-10-09,5.044117464302136,2613,9,0,0
4168762154,Lunch Run,2020-10-08,4.190910559608287,1993,11,0,0
4163676647,Morning Run,2020-10-07,4.1623895509960604,2030,8,0,0
4154739844,Morning Run,2020-10-05,5.016901338436875,2529,8,0,0
4143165146,Afternoon Run,2020-10-02,4.016491232430686,1922,6,0,0
4134341280,Y Mountain,2020-09-30,7.051772776417662,4232,7,0,0
4130459798,Afternoon Run,2020-09-29,2.031702437023873,982,0,0,0
4124046655,Morning Run,2020-09-28,5.043931052481141,2412,6,0,0
4115661298,Morning Run,2020-09-26,4.610461431394237,2540,8,0,0
4106444269,2 x Tabata ,2020-09-24,2.5960952937228927,1366,0,0,0
4083082668,Morning Run,2020-09-19,8.040811761343159,4936,6,0,0
4078131466,Y Mountain ,2020-09-18,7.496427106764264,4715,7,0,0
4073271746,Morning Run,2020-09-17,2.167037419066201,1254,0,0,0
4068552886,Tabata,2020-09-16,0.4878397355437633,321,0,0,0
4051528253,Y hike ,2020-09-12,1.9031404178110283,2355,0,0,0
4049261245,Morning Run,2020-09-12,2.567698559657997,1338,0,0,0
4039576789,Morning Run,2020-09-10,4.0196602333876,2059,6,0,0
4034962169,Morning Run,2020-09-09,3.97200094448656,2140,0,0,0
4030561444,Morning Run,2020-09-08,4.055699852113289,1854,5,0,0
4005793951,Easy run with Sara,2020-09-03,2.8920551281891957,1512,4,0,0
4001218458,Morning Run,2020-09-02,2.582487230790262,1225,4,0,0
3991287420,Morning Run,2020-08-31,3.1173648824984155,1470,5,0,0
3982140469,Morning Run,2020-08-29,5.183802055501013,2494,5,0,0
3977735784,Y Mountain,2020-08-28,2.3364236270769383,1652,5,2,1
3968416148,Yay for new running groups! ,2020-08-26,3.4523469248263265,1847,5,0,0
3959077520,Morning Run,2020-08-24,1.8951868467819106,1129,0,0,0
3945176382,Morning Run,2020-08-21,1.7050467893670698,1095,0,0,0
3940734286,Morning Run,2020-08-20,2.1333590167397816,1207,6,0,0
3935758578,Easy run with the new gal pals!,2020-08-19,2.09054643518461,1208,5,0,0
3930828523,Morning Run,2020-08-18,2.666993922974636,1355,6,0,0
3883840426,Morning Run,2020-08-08,20.01770912299452,10900,7,0,0
3875872339,Afternoon Run,2020-08-06,4.333080641753763,2229,6,0,0
3870803583,Royal Troon tempo,2020-08-05,2.415586513726124,1065,6,0,0
3861013018,Evening Ride,2020-08-03,4.69621086905191,2884,7,1,1
3856343653,Evening Ride,2020-08-02,2.9362968670386618,1121,0,0,0
3856023878,Lunch Ride,2020-08-02,5.079349298470181,2072,0,0,0
3850979449,Evening ride with the fam,2020-08-01,5.09643704872805,2062,6,0,0
3849634575,Steamboat long run,2020-08-01,19.017733977903987,10280,9,1,1
3835924106,Service hill workout,2020-07-29,2.00958156759914,979,5,2,1
3811663236,Morning Run,2020-07-25,13.108603526911654,6647,5,0,0
3809441635,Afternoon Run,2020-07-24,2.112791579156673,1122,0,0,0
3803428946,Afternoon Run,2020-07-22,2.880000497098189,1472,0,0,0
3781190691,Morning Run,2020-07-18,14.011458113263824,7667,5,0,0
3777673434,Afternoon Run,2020-07-17,8.008438241763704,4327,5,0,0
3773300294,Afternoon Run,2020-07-16,3.013160674562243,1366,4,0,0
3756133085,Run with the gal pals,2020-07-13,3.108976350553643,1989,5,0,0
3748116210,"Lincoln, Cameron, Democrat, and Bross",2020-07-11,9.679930903351684,15264,2,0,0
3727597890,Greenland to North Gate,2020-07-07,16.005816048815042,8624,5,0,0
3724406164,Afternoon Run,2020-07-06,2.9708451911963913,2004,0,0,0
3713660035,Lunch Ride,2020-07-04,3.524798985919694,1879,4,0,0
3709171371,Lunch Ride,2020-07-03,5.042998993376167,3076,5,0,0
3707740346,Greenland to Baptist,2020-07-03,10.33622478780121,5119,6,0,0
3689982552,Afternoon Run,2020-06-29,1.5902792449078507,971,0,0,0
3666363996,Morning Hike,2020-06-24,8.18577802080356,13479,3,0,0
3644784456,Long run,2020-06-20,12.997004983409347,6678,2,0,0
3633438395,"10 min warmup, 15 min buildup to tempo pace, 10 min cool down ",2020-06-18,4.083350938894205,2129,3,0,0
3608558970,Morning Run,2020-06-13,8.002224514397206,4278,2,0,0
3644782315,Morning Run,2020-06-08,3.03820199584923,1543,0,0,0
3644781405,Morning Run,2020-06-06,5.996309045944301,3167,0,0,0
3530946611,Morning Run,2020-05-29,5.0037903736935645,2630,2,0,0
3644780412,Morning Run,2020-05-27,4.737656430586452,2408,0,0,0
3644779366,Afternoon Run,2020-05-21,3.8999217070351824,2006,0,0,0
3644778585,Evening Run,2020-04-29,0.09115538046652664,43,0,0,0
3344179915,Afternoon Run,2020-04-21,4.998446568158376,2362,1,0,0
3344179735,Afternoon Run,2020-04-20,4.662594603999155,2400,1,0,0
3344179607,Afternoon Run,2020-04-04,5.588005020691712,2877,0,0,0
3344179342,Afternoon Run,2020-04-01,0.6224912075757764,242,0,0,0
3344179355,Afternoon Run,2020-04-01,1.9980240346974538,939,0,0,0
3344179299,Afternoon Run,2020-04-01,1.9964706028558292,907,0,0,0
3344179187,Afternoon Run,2020-03-30,0.24500727006101883,78,0,0,0
3344179168,Afternoon Run,2020-03-30,0.24991611468055228,79,0,0,0
3344179170,Afternoon Run,2020-03-30,0.24879764375458263,83,0,0,0
3344179145,Afternoon Run,2020-03-30,0.2486112319335877,82,0,0,0
3344179150,Afternoon Run,2020-03-30,0.24780344737594295,83,0,0,0
3344179147,Afternoon Run,2020-03-30,0.24923260467023753,81,0,0,0
3344179156,Afternoon Run,2020-03-30,0.247679172828613,81,0,0,0
3344179158,Afternoon Run,2020-03-30,0.24991611468055228,79,0,0,0
3344179118,Afternoon Run,2020-03-30,0.24892191830191263,79,0,0,0
3344179108,Afternoon Run,2020-03-30,0.2463121528079834,77,0,0,0
3344179087,Afternoon Run,2020-03-27,0.24736848646028808,78,0,0,0
3344179085,Afternoon Run,2020-03-27,0.24923260467023753,78,0,0,0
3344179078,Afternoon Run,2020-03-27,0.24538009370300867,78,0,0,0
3344179079,Afternoon Run,2020-03-27,0.24792772192327292,79,0,0,0
3344179052,Afternoon Run,2020-03-27,0.2510345856065219,77,0,0,0
3344179061,Afternoon Run,2020-03-27,0.24556650552400364,77,0,0,0
3344179057,Afternoon Run,2020-03-27,0.24917046739657253,79,0,0,0
3344179060,Afternoon Run,2020-03-27,0.26252998123454335,87,0,0,0
3344179025,Afternoon Run,2020-03-26,0.37226440652689924,150,0,0,0
3344179028,Afternoon Run,2020-03-26,0.6235475412280811,233,0,0,0
3344179036,Afternoon Run,2020-03-26,1.9977754856027938,870,0,0,0
3344179017,Afternoon Run,2020-03-26,2.002932879316987,909,0,0,0
3344178874,Evening Run,2020-03-24,0.6220562466601216,225,0,0,0
3344178871,Evening Run,2020-03-24,0.6221805212074515,230,0,0,0
3344161245,Evening Run,2020-03-24,0.6211863248288119,237,0,0,0
3344161226,Evening Run,2020-03-24,0.6294505822262543,244,0,0,0
3344161216,Afternoon Run,2020-03-24,0.6201921284501721,220,0,0,0
3344161287,Afternoon Run,2020-03-21,5.5276075906893505,2771,0,0,0
3344161018,Morning Run,2020-03-18,0.254017174742441,76,0,0,0
3344161059,Morning Run,2020-03-18,3.9153317509040977,1801,0,0,0
3344161052,Morning Run,2020-03-17,3.8380951197385267,2447,0,0,0
3344160867,Afternoon Run,2020-03-16,0.617209539314253,236,0,0,0
3344160872,Afternoon Run,2020-03-16,0.6162153429356134,235,0,0,0
3344160845,Afternoon Run,2020-03-16,0.6118035965053997,236,0,0,0
3344160835,Afternoon Run,2020-03-16,0.5899934134489916,220,0,0,0
3344160838,Afternoon Run,2020-03-16,0.6265301303640002,226,0,0,0
3344160928,Morning Run,2020-03-14,5.617209539314254,3245,0,0,0
3344160695,Afternoon Run,2020-03-11,3.9393788758124453,1800,0,0,0
3344160630,Afternoon Run,2020-03-10,4.082481017062896,2197,0,0,0
3344160551,Afternoon Run,2020-03-05,4.432686691438726,2530,0,0,0
3344160431,Afternoon Run,2020-03-04,3.9317359911516525,1801,0,0,0
3344160346,Afternoon Run,2020-02-19,2.8756508879416405,1448,0,0,0
3344160365,Morning Run,2020-02-17,6.434501099829744,3382,0,0,0
3344160198,Afternoon Run,2020-02-14,3.5218785340574397,2030,0,0,0
3344160107,Afternoon Run,2020-02-10,4.390744031714864,2257,0,0,0
3344160043,Afternoon Run,2020-02-05,4.047249182894851,2217,0,0,0
3344159958,Morning Run,2020-01-11,3.5771807076192723,1730,0,0,0
3344159948,Afternoon Run,2020-01-10,5.262095020318888,2713,0,0,0
3344159735,Afternoon Run,2020-01-08,2.028160612424969,1166,0,0,0
3344159751,Morning Run,2020-01-06,6.201859147228056,3399,0,0,0
2985073738,Morning Run,2020-01-04,2.015919569512968,1032,0,0,0
2985073759,Morning Run,2020-01-04,6.14028110902606,2722,0,0,0
2985073527,Morning Run,2020-01-03,6.630233511874433,3466,0,0,0
2985073115,Morning Run,2020-01-01,6.938496526526403,3594,1,0,0
2985072615,Morning Run,2019-12-30,3.573576745746704,2124,0,0,0
2985072400,Morning Run,2019-12-23,5.854946748356469,3277,0,0,0
2985071871,Lunch Run,2019-12-20,2.7576522052518424,1394,0,0,0
2985071783,Afternoon Run,2019-11-18,5.390408490437074,2717,0,0,0
2985071490,Morning Run,2019-11-16,8.707358295947408,3972,0,0,0
2985070776,Afternoon Run,2019-11-14,2.641517640771994,1440,0,0,0
2985070796,Afternoon Run,2019-11-13,5.776529508991263,2900,0,0,0
2985070216,Afternoon Run,2019-11-08,2.047920265450433,1195,0,0,0
2985070274,Afternoon Run,2019-11-04,4.85515801508693,2617,0,0,0
2985069836,Afternoon Run,2019-10-22,3.675233325462612,2260,0,0,0
2985069651,Afternoon Run,2019-10-07,5.734773261088397,3249,0,0,0
2985068922,Morning Run,2019-10-05,0.9667317036797693,617,0,0,0
2985068890,Afternoon Run,2019-09-27,1.2916475076739533,840,0,0,0
2743742378,Afternoon Run,2019-09-18,3.8341183342239678,2310,0,0,0
2743742073,Afternoon Run,2019-09-16,0.566070563087974,297,0,0,0
2743742052,Afternoon Run,2019-09-14,6.059999751450906,2846,0,0,0
2743741853,Afternoon Run,2019-09-11,4.2469583804541,2299,0,0,0
2743741610,Afternoon Run,2019-09-10,1.3733580225434028,703,0,0,0
2743741655,Afternoon Run,2019-09-09,6.485329389687698,3471,0,0,0
2743741268,Afternoon Run,2019-09-06,2.1379571749909903,1167,0,0,0
2743741173,Afternoon Run,2019-09-05,2.042576459915245,1152,0,0,0
2743741070,Afternoon Run,2019-09-04,2.0867560614910463,1117,0,0,0
2743741117,Morning Run,2019-09-02,5.998918811438229,3518,0,0,0
2170163896,Lunch Run,2019-02-23,2.4516261324518127,1331,0,0,0
2156649661,Afternoon Run,2019-01-28,4.607665254079312,2420,0,0,0
1639062105,Afternoon Run,2018-06-14,3.2247380913915022,1809,0,0,0
1635014731,Evening Run,2018-06-12,2.350528788198889,1358,0,0,0
1330617565,Morning Ride,2017-12-28,2.817428262517554,1516,0,0,0
1330573018,Morning Run,2017-12-27,3.7420930319261316,2374,0,0,0
432745336,Afternoon Run,2015-11-14,0.2177911441957573,150,0,0,0
432745334,Afternoon Run,2015-11-14,0.01205463109100625,63,0,0,0
432745355,Ymca loop,2015-10-19,2.5452670038649385,1494,0,0,0
432745362,Kershaw 4.5 miles,2015-08-08,4.596107721177626,2661,0,0,0
362933345,Kings Deer Loop,2015-08-06,6.005070401531063,3851,1,0,0
